iter	MultiLogloss
0	0.6930669902
1	0.6929850321
2	0.6928683482
3	0.6927819778
4	0.6927473191
5	0.6926531402
6	0.6925665447
7	0.69248475
8	0.692403886
9	09	0.6922707510	0.6922457846
11	0.692167537
12	0.6920891878
13	013	0.691914014	014	0.691830515	015	0.691749216	016	0.691667417	017	0.691586318	0.6916039835
19	0.6915139004
72
