{
"meta":{"test_sets":[],"test_metrics":[],"learn_metrics":[{"best_value":"Min","name":"MultiLogloss"}],"launch_mode":"Train","parameters":"","iteration_count":200,"learn_sets":["learn"],"name":"experiment"},
"iterations":[
{"learn":[0.6930441921],"iteration":0,"passed_time":0.1678426353,"remaining_time":33.4006844,
,
{"learn":[0.6929432939],"iteration":1,"passed_time":0.1917544841,"remaining_time":18.9836939,
,
{"learn":[0.6928418019],"iteration":2,"passed_time":0.2131267943,"remaining_time":13.9953261,
,
{"learn":[0.6927453313],"iteration":3,"passed_time":0.2353191899,"remaining_time":11.53064,
{",
{"learn":[0.6926432177],"iteration":4,"passed_time":0.2588772669,"remaining_time":10.09621,
{",
{"learn":[0.6925453405],"iteration":5,"passed_time":0.2827614529,"remaining_time":9.14262,
{"l,
{"learn":[0.6924417114],"iteration":6,"passed_time":0.3057832726,"remaining_time":8.43088,
{",
{"learn":[0.69233951],"iteration":7,"passed_time":0.3287414946,"remaining_time":7.8897958,,,
{"learn":[0.6922499869],"iteration":8,"passed_time":0.3515288724,"remaining_time":7.46022384,
,
{"learn":[0.6921591888],"iteration":9,"passed_time":0.3717458543,"remaining_time":7.0631712,,
{"learn":[0.6921053945],"iteration":10,"passed_time":0.3900465381,"remaining_time":6.7017087},
{",
{"learn":[0.6919894577],"iteration":11,"passed_time":0.4057154494,"remaining_time":6.356208,
{",
{"learn":[0.6919061052],"iteration":12,"passed_time":0.4301089932,"remaining_time":6.186952,
{",
{"learn":[0.6918244617],"iteration":13,"passed_time":0.4535117728,"remaining_time":6.025227,
{",
{"learn":[0.6917334039],"iteration":14,"passed_time":0.4768235442,"remaining_time":5.880823,
{,,
{"learn":[0.6916446944],"iteration":15,"passed_time":0.5024425497,"remaining_time":5.778089,
{,,
{"learn":[0.691552658],"iteration":16,"passed_time":0.5279614493,"remaining_time":5.6833497,
{,
{"learn":[0.6914657561],"iteration":17,"passed_time":0.5498965558,"remaining_time":5.5600651,
{,
{"learn":[0.6913602878],"iteration":18,"passed_time":0.5714396578,"remaining_time":5.443714,,
{,
{"learn":[0.6912711566],"iteration":19,"passed_time":0.5936632139,"remaining_time":5.342968,,
{,
{"learn":[0.691186248],"iteration":20,"passed_time":0.6169664178,"remaining_time":5.2589042,,
{"learn":[0.691038175],"iteration":21,"passed_time":0.6306946945,"remaining_time":5.102893438},
{"learn":[0.6909412983],"iteration":22,"passed_time":0.6562579594,"remaining_time":5.050332992},
{"learn":[0.6908472286],"iteration":23,"passed_time":0.6818126649,"remaining_time":4.999959543},
{"learn":[0.6907622062],"iteration":24,"passed_time":0.7068874992,"remaining_time":4.948212495},
{"learn":[0.6906690428],"iteration":25,"passed_time":0.7316183762,"remaining_time":4.896215287,,
{"learn":[0.6905711179],"iteration":26,"passed_time":0.7550478514,"remaining_time":4.837899196},
{,
{"learn":[0.6905140329],"iteration":27,"passed_time":0.7721092323,"remaining_time":4.742956,
{",
{"learn":[0.6904150145],"iteration":28,"passed_time":0.7989761156,"remaining_time":4.71120,,
{",
{"learn":[0.6903182702],"iteration":29,"passed_time":0.8216051917,"remaining_time":4.65576,,
{"learn":[0.6902172133],"iteration":30,"passed_time":0.8343486748,"remaining_time":4.548546001},
{"learn":[0.6901297908],"iteration":31,"passed_time":0.8584419246,"remaining_time":4.506820104},
{"learn":[0.6900444973],"iteration":32,"passed_time":0.8822516794,"remaining_time":4.464728196},
{"learn":[0.6899584945],"iteration":33,"passed_time":0.9079425086,"remaining_time":4.432895777},
{"learn":[0.6898605961],"iteration":34,"passed_time":0.9336306342,"remaining_time":4.401401561},
{"learn":[0.6897579504],"iteration":35,"passed_time":0.9576286247,"remaining_time":4.362530401},
{"learn":[0.6896586722],"iteration":36,"passed_time":0.9819400174,"remaining_time":4.32584386},
{"learn":[0.6895713438],"iteration":37,"passed_time":1.008879684,"remaining_time":4.301013388},
{"learn":[0.6894823094],"iteration":38,"passed_time":1.032136653,"remaining_time":4.260871824},
{"learn":[0.6893972762],"iteration":39,"passed_time":1.056617505,"remaining_time":4.22647002},
{"learn":[0.6893104822],"iteration":40,"passed_time":1.078327724,"remaining_time":4.181807515},
{"learn":[0.6892225732],"iteration":41,"passed_time":1.10269885,"remaining_time":4.148248054},
{"learn":[0.6891241259],"iteration":42,"passed_time":1.127153742,"remaining_time":4.115421802},
{"learn":[0.6890173668],"iteration":43,"passed_time":1.151396348,"remaining_time":4.082223416},
{"learn":[0.6889227897],"iteration":44,"passed_time":1.174686228,"remaining_time":4.046141452},
{"learn":[0.6888380246],"iteration":45,"passed_time":1.184716006,"remaining_time":3.96622315},
{"learn":[0.6887375694],"iteration":46,"passed_time":1.207686995,"remaining_time":3.9314066},
{"learn":[0.6886417537],"iteration":47,"passed_time":1.211740875,"remaining_time":3.837179439},
{"learn":[0.688559677],"iteration":48,"passed_time":1.217183458,"remaining_time":3.750912287},
{"learn":[0.6884762849],"iteration":49,"passed_time":1.222269717,"remaining_time":3.666809151},
{"learn":[0.688393271],"iteration":50,"passed_time":1.245887946,"remaining_time":3.639947135},
{"learn":[0.6883096874],"iteration":51,"passed_time":1.269678749,"remaining_time":3.613701054},
{"learn":[0.6882237201],"iteration":52,"passed_time":1.296292881,"remaining_time":3.595378367},
{"learn":[0.6881297365],"iteration":53,"passed_time":1.321039276,"remaining_time":3.571698783},
{"learn":[0.6880329598],"iteration":54,"passed_time":1.344698181,"remaining_time":3.545113385},
{"learn":[0.687926615],"iteration":55,"passed_time":1.373510382,"remaining_time":3.53188384},
{"learn":[0.6878365996],"iteration":56,"passed_time":1.396956156,"remaining_time":3.504644392},
{"learn":[0.6877521981],"iteration":57,"passed_time":1.40616046,"remaining_time":3.442668713},
{"learn":[0.6876556076],"iteration":58,"passed_time":1.429010671,"remaining_time":3.415093298},
{"learn":[0.6875693312],"iteration":59,"passed_time":1.452984387,"remaining_time":3.390296904},
{"learn":[0.6874636381],"iteration":60,"passed_time":1.477769113,"remaining_time":3.367375519},
{"learn":[0.6873786089],"iteration":61,"passed_time":1.505637411,"remaining_time":3.351257463},
{"learn":[0.6872776693],"iteration":62,"passed_time":1.531392952,"remaining_time":3.330171976},
{"learn":[0.6871847927],"iteration":63,"passed_time":1.55796273,"remaining_time":3.310670801},
{"learn":[0.6870857886],"iteration":64,"passed_time":1.570970335,"remaining_time":3.262784543},
{"learn":[0.686989278],"iteration":65,"passed_time":1.596630045,"remaining_time":3.241642819},
{"learn":[0.6869070675],"iteration":66,"passed_time":1.622200818,"remaining_time":3.220189683},
{"learn":[0.6868136876],"iteration":67,"passed_time":1.650648332,"remaining_time":3.204199702},
{"learn":[0.6867155541],"iteration":68,"passed_time":1.666804717,"remaining_time":3.164513304},
{"learn":[0.6866195602],"iteration":69,"passed_time":1.691635369,"remaining_time":3.141608543},
{"learn":[0.6865347581],"iteration":70,"passed_time":1.716221838,"remaining_time":3.118205874},
{"learn":[0.6864484206],"iteration":71,"passed_time":1.739256407,"remaining_time":3.092011389},
{"learn":[0.6863531764],"iteration":72,"passed_time":1.746394364,"remaining_time":3.038247728},
{"learn":[0.6862704519],"iteration":73,"passed_time":1.760182765,"remaining_time":2.997067951},
{"learn":[0.6861694681],"iteration":74,"passed_time":1.784067621,"remaining_time":2.973446035},
{"learn":[0.6860713812],"iteration":75,"passed_time":1.806061023,"remaining_time":2.946731143},
{"learn":[0.6859827682],"iteration":76,"passed_time":1.829583393,"remaining_time":2.922581264},
{"learn":[0.685902903],"iteration":77,"passed_time":1.834986173,"remaining_time":2.870106578},
{"learn":[0.685819014],"iteration":78,"passed_time":1.860708372,"remaining_time":2.849945734},
{"learn":[0.6857214477],"iteration":79,"passed_time":1.882976216,"remaining_time":2.824464325},
{"learn":[0.6856392623],"iteration":80,"passed_time":1.909372072,