{"test_score": [0.7002328770830749, 0.7295456900248649, 0.6748704439738769, 0.7288126119039802, 0.6720987863495517], "train_score": [0.888942705182093, 0.8953388428162891, 0.9019951297563562, 0.9012711833731913, 0.9045644951626898]}